﻿DAY,09-10.,10-11.,11-12.,12-1.,1-2.,2-3.,3-4.,4-5.
MONDAY,C1001 Lecture (All) Room C2,C1002 Lecture (All) Room C2,C1003 Lecture (All) Room C2,,C1004 Lecture (All) Room C2,C1005 Lecture (All) Room C2,C1006 Lecture (All) Room C3,
TUESDAY,C1001 Practical (Group 1) Room C13,C1002 Practical (Group 1) Room C14 ,C1003 Practical (Group 1) Room C15,,C1004 Practical (Group 1) Room C16,C1005 Practical (Group 2) Room C17,C1006 Practical (Group 2) Room C18,
WEDNESDAY,C1004 Practical (Group 4) Room C16,C1005 Practical (Group 4) Room C17,C1006 Practical (Group 4) Room C18,,,,,
THURSDAY,C1004 Practical (Group 1) Room C16,C1005 Practical (Group 1) Room C17,C1006 Practical (Group 1) Room C18,,,,,
FRIDAY,C1001 Practical (Group 3) Room C13,C1002 Practical (Group 3) Room C14,C1003 Practical (Group 3) Room C15,,C1001 Practical (Group 2) Room C13,C1002 Practical (Group 2) Room C14,C1003 Practical (Group 2) Room C15,
SATURDAY,C1001 Practical (Group 4) Room C13,C1002 Practical (Group 4) Room C14,C1003 Practical (Group 4) Room C15,,C1004 Practical (Group 3) Room C16,C1005 Practical (Group 3) Room C17,C1006 Practical (Group 3) Room C18,
