﻿DAY,9-10.,10-11.,11-12.,12-1.,1-2.,2-3.,3-4.,4-5.
MONDAY,C3001 Lecture (All) Room C4,C3002 Lecture (All) Room C4,C3003 Lecture (All) Room C3,,C3004 Lecture (All) Room C3,C3005 Lecture (All) Room C4,C3006 Lecture (All) Room C4,
TUESDAY,C3001 Practical (Group 1) Room C15,C3002 Practical (Group 1) Room C16,C3003 Practical (Group 1) Room C17,,C3004 Practical (Group 2) Room C18,C3005 Practical (Group 2) Room C19,C3006 Practical (Group 2) Room C20,
WEDNESDAY,C3004 Practical (Group 4) Room C18,C3005 Practical (Group 4) Room C19,C3006 Practical (Group 4) Room C20,,,,,
THURSDAY,C3004 Practical (Group 1) Room C18,C3005 Practical (Group 1) Room C19,C3006 Practical (Group 1) Room C20,,,,,
FRIDAY,C3001 Practical (Group 3) Room C15,C3002 Practical (Group 3) Room C16,C3003 Practical (Group 3) Room C17,,C3001 Practical (Group 2) Room C15,C3002 Practical (Group 2) Room C16,C3003 Practical (Group 2) Room C17,
SATURDAY,C3001 Practical (Group 4) Room C15,C3002 Practical (Group 4) Room C16,C3003 Practical (Group 4) Room C17,,C3004 Practical (Group 3) Room C18,C3005 Practical (Group 3) Room C19,C3006 Practical (Group 3) Room C20,
